[
  {
    "gender": "female",
    "name": {
      "title": "mrs",
      "first": "ellie",
      "last": "otoole"
    },
    "location": {
      "street": "9494 tara street",
      "city": "newcastle west",
      "state": "meath",
      "postcode": 53816,
      "coordinates": {
        "latitude": "25.1241",
        "longitude": "32.5452"
      },
      "timezone": {
        "offset": "+7:00",
        "description": "Bangkok, Hanoi, Jakarta"
      }
    },
    "email": "ellie.otoole@example.com",
    "login": {
      "uuid": "5b7dfcba-7f86-409e-b21e-a88207ea2d7b",
      "username": "tinyostrich569",
      "password": "ambrosia",
      "salt": "8GxaL5oi",
      "md5": "c1e6fbbebd7abbc4cf10d954eaae1d3b",
      "sha1": "5a737591db97ed12914647582dc3441961267bb0",
      "sha256": "dac513928f081a6c06fca4dca8e780b914b2a725c8142963d676addfd8f5a452"
    },
    "dob": {
      "date": "1973-11-10T06:20:02Z",
      "age": 44
    },
    "registered": {
      "date": "2004-06-29T14:08:56Z",
      "age": 14
    },
    "phone": "041-961-8473",
    "cell": "081-707-2966",
    "id": {
      "name": "PPS",
      "value": "4480696T"
    },
    "picture": {
      "large": "https://randomuser.me/api/portraits/women/4.jpg",
      "medium": "https://randomuser.me/api/portraits/med/women/4.jpg",
      "thumbnail": "https://randomuser.me/api/portraits/thumb/women/4.jpg"
    },
    "nat": "IE"
  },
  {
    "gender": "female",
    "name": {
      "title": "mrs",
      "first": "paula",
      "last": "ryan"
    },
    "location": {
      "street": "trostefaret 1332",
      "city": "koppang",
      "state": "sør-trøndelag",
      "postcode": "3604",
      "coordinates": {
        "latitude": "-27.9594",
        "longitude": "105.6868"
      },
      "timezone": {
        "offset": "+3:00",
        "description": "Baghdad, Riyadh, Moscow, St. Petersburg"
      }
    },
    "email": "paula.ryan@example.com",
    "login": {
      "uuid": "1c3faa77-d1ae-49ca-8b78-0e6bc5f0c850",
      "username": "goldenlion612",
      "password": "palermo",
      "salt": "t0bUIvbW",
      "md5": "ab658f3540bdbcb84b2830bc83882017",
      "sha1": "8dbb61242a9129112760bbf1bfadc88ffe210ceb",
      "sha256": "a394988973c214b38394639861f69cded743587913dc767dec5ae11dce3415db"
    },
    "dob": {
      "date": "1955-09-10T02:30:16Z",
      "age": 62
    },
    "registered": {
      "date": "2011-06-05T21:51:29Z",
      "age": 7
    },
    "phone": "66899705",
    "cell": "99783201",
    "id": {
      "name": "FN",
      "value": "10095535173"
    },
    "picture": {
      "large": "https://randomuser.me/api/portraits/women/89.jpg",
      "medium": "https://randomuser.me/api/portraits/med/women/89.jpg",
      "thumbnail": "https://randomuser.me/api/portraits/thumb/women/89.jpg"
    },
    "nat": "NO"
  },
  {
    "gender": "female",
    "name": {
      "title": "ms",
      "first": "fatma",
      "last": "akal"
    },
    "location": {
      "street": "1684 tunalı hilmi cd",
      "city": "mersin",
      "state": "diyarbakır",
      "postcode": 26263,
      "coordinates": {
        "latitude": "50.0843",
        "longitude": "60.5055"
      },
      "timezone": {
        "offset": "-5:00",
        "description": "Eastern Time (US & Canada), Bogota, Lima"
      }
    },
    "email": "fatma.akal@example.com",
    "login": {
      "uuid": "59939e8b-dfec-418f-bbc5-301426ed60f3",
      "username": "ticklishcat522",
      "password": "microsoft",
      "salt": "Z73epLgP",
      "md5": "854077584c938f6d0c2e8ad7cf6008d1",
      "sha1": "bfba840cdc75fb18e8d2e638d2c7e37cd06d571b",
      "sha256": "740c0b22c124cd24fa1d45505fb3eb6b80aea4137b9ecf228374ff2b8fcd5de8"
    },
    "dob": {
      "date": "1966-12-23T04:44:50Z",
      "age": 51
    },
    "registered": {
      "date": "2011-11-09T14:51:05Z",
      "age": 6
    },
    "phone": "(489)-632-4710",
    "cell": "(145)-764-2337",
    "id": {
      "name": "",
      "value": null
    },
    "picture": {
      "large": "https://randomuser.me/api/portraits/women/81.jpg",
      "medium": "https://randomuser.me/api/portraits/med/women/81.jpg",
      "thumbnail": "https://randomuser.me/api/portraits/thumb/women/81.jpg"
    },
    "nat": "TR"
  },
  {
    "gender": "male",
    "name": {
      "title": "mr",
      "first": "mar",
      "last": "martins"
    },
    "location": {
      "street": "303 rua são jorge ",
      "city": "arapongas",
      "state": "maranhão",
      "postcode": 51600,
      "coordinates": {
        "latitude": "-59.6997",
        "longitude": "65.8222"
      },
      "timezone": {
        "offset": "-10:00",
        "description": "Hawaii"
      }
    },
    "email": "mar.martins@example.com",
    "login": {
      "uuid": "642dfe14-91a9-4d27-a9d7-ef9536c20279",
      "username": "heavyladybug859",
      "password": "spaceman",
      "salt": "Wo64L8CZ",
      "md5": "f604b9266be9b935d8bdac715caeac72",
      "sha1": "29d350d756675e4a780ef1bb5125f97c71f219ea",
      "sha256": "097636349be88b8df6484bf7f43acbd59f0dd454bf44911bc6f1bf25712e0271"
    },
    "dob": {
      "date": "1957-09-08T05:59:14Z",
      "age": 60
    },
    "registered": {
      "date": "2018-03-07T07:18:01Z",
      "age": 0
    },
    "phone": "(28) 1941-6592",
    "cell": "(00) 4860-2898",
    "id": {
      "name": "",
      "value": null
    },
    "picture": {
      "large": "https://randomuser.me/api/portraits/men/97.jpg",
      "medium": "https://randomuser.me/api/portraits/med/men/97.jpg",
      "thumbnail": "https://randomuser.me/api/portraits/thumb/men/97.jpg"
    },
    "nat": "BR"
  },
  {
    "gender": "female",
    "name": {
      "title": "miss",
      "first": "marwa",
      "last": "van lunteren"
    },
    "location": {
      "street": "6988 paardenveld",
      "city": "westvoorne",
      "state": "groningen",
      "postcode": 65073,
      "coordinates": {
        "latitude": "49.8654",
        "longitude": "36.6661"
      },
      "timezone": {
        "offset": "-2:00",
        "description": "Mid-Atlantic"
      }
    },
    "email": "marwa.vanlunteren@example.com",
    "login": {
      "uuid": "6365b17a-810b-4057-83ee-9f7dd77d3ff3",
      "username": "sadladybug315",
      "password": "vgirl",
      "salt": "C0QR0ahy",
      "md5": "e62d0d0e20680c747d5fdbaf6436901a",
      "sha1": "e6078d6362f41731848cf733f2d31287ff8dd631",
      "sha256": "c28dec79c97e046812a4e26e57047d520e3b4b908057a003cfd261a20b414f1d"
    },
    "dob": {
      "date": "1994-01-28T13:30:39Z",
      "age": 24
    },
    "registered": {
      "date": "2003-12-08T02:22:18Z",
      "age": 14
    },
    "phone": "(646)-706-9055",
    "cell": "(782)-371-5450",
    "id": {
      "name": "BSN",
      "value": "98369252"
    },
    "picture": {
      "large": "https://randomuser.me/api/portraits/women/74.jpg",
      "medium": "https://randomuser.me/api/portraits/med/women/74.jpg",
      "thumbnail": "https://randomuser.me/api/portraits/thumb/women/74.jpg"
    },
    "nat": "NL"
  },
  {
    "gender": "female",
    "name": {
      "title": "mrs",
      "first": "elena",
      "last": "hvidsten"
    },
    "location": {
      "street": "hauketoåsen 5871",
      "city": "kirkevoll",
      "state": "hordaland",
      "postcode": "0177",
      "coordinates": {
        "latitude": "62.9209",
        "longitude": "-133.9980"
      },
      "timezone": {
        "offset": "+7:00",
        "description": "Bangkok, Hanoi, Jakarta"
      }
    },
    "email": "elena.hvidsten@example.com",
    "login": {
      "uuid": "f6299f30-06d9-413d-bdb8-ad55bbe697fb",
      "username": "crazypanda997",
      "password": "spiral",
      "salt": "gYlMVtCa",
      "md5": "5a44c1c5d5d3b92b88576220760647fa",
      "sha1": "91ab5d2f201830f0f255de1bbedef5908098cced",
      "sha256": "4b7bd4f8ade81c19bad2870239e0bf1d525f0210fc32812fab6b06b16d350d29"
    },
    "dob": {
      "date": "1967-04-09T05:49:32Z",
      "age": 51
    },
    "registered": {
      "date": "2007-03-29T04:34:30Z",
      "age": 11
    },
    "phone": "83107981",
    "cell": "46491864",
    "id": {
      "name": "FN",
      "value": "09046724701"
    },
    "picture": {
      "large": "https://randomuser.me/api/portraits/women/55.jpg",
      "medium": "https://randomuser.me/api/portraits/med/women/55.jpg",
      "thumbnail": "https://randomuser.me/api/portraits/thumb/women/55.jpg"
    },
    "nat": "NO"
  },
  {
    "gender": "female",
    "name": {
      "title": "miss",
      "first": "beatrice",
      "last": "li"
    },
    "location": {
      "street": "2261 dalhousie ave",
      "city": "vanier",
      "state": "saskatchewan",
      "postcode": "Q4H 2M9",
      "coordinates": {
        "latitude": "36.0710",
        "longitude": "175.5176"
      },
      "timezone": {
        "offset": "+4:30",
        "description": "Kabul"
      }
    },
    "email": "beatrice.li@example.com",
    "login": {
      "uuid": "016fb73e-1ca6-4ab0-af19-8be46c29791f",
      "username": "angryzebra947",
      "password": "cubs",
      "salt": "MzsCGTpV",
      "md5": "157a1f08448c5ea7ac852e5f796c5ede",
      "sha1": "b899319ef734ceb9f3a5476a37bc8b53956d69fc",
      "sha256": "717117fcc55cc1f7a559553f63e76f536a6430e5068abe62eeb2b528bbe725d3"
    },
    "dob": {
      "date": "1948-06-03T17:40:56Z",
      "age": 70
    },
    "registered": {
      "date": "2012-06-06T21:13:54Z",
      "age": 6
    },
    "phone": "320-467-0183",
    "cell": "949-560-1701",
    "id": {
      "name": "",
      "value": null
    },
    "picture": {
      "large": "https://randomuser.me/api/portraits/women/92.jpg",
      "medium": "https://randomuser.me/api/portraits/med/women/92.jpg",
      "thumbnail": "https://randomuser.me/api/portraits/thumb/women/92.jpg"
    },
    "nat": "CA"
  },
  {
    "gender": "female",
    "name": {
      "title": "ms",
      "first": "باران",
      "last": "یاسمی"
    },
    "location": {
      "street": "2181 سبلان جنوبی",
      "city": "ارومیه",
      "state": "قزوین",
      "postcode": 49420,
      "coordinates": {
        "latitude": "64.0068",
        "longitude": "-46.6314"
      },
      "timezone": {
        "offset": "-3:00",
        "description": "Brazil, Buenos Aires, Georgetown"
      }
    },
    "email": "باران.یاسمی@example.com",
    "login": {
      "uuid": "ae384c83-55d8-4565-91c2-ac470d4bf649",
      "username": "heavyduck713",
      "password": "bukkake",
      "salt": "9WLJYwAs",
      "md5": "8672d83a019a96e6c891a4c9fab5021e",
      "sha1": "c659b76564a1d49d34abdad91c03fa4b2b4bb85b",
      "sha256": "7538cfdaa73dbe5cd39409b380bc0870cb591d2773b9319f4f855bc1995cad0d"
    },
    "dob": {
      "date": "1995-05-29T05:16:16Z",
      "age": 23
    },
    "registered": {
      "date": "2009-06-28T14:52:23Z",
      "age": 9
    },
    "phone": "007-73313390",
    "cell": "0954-832-9975",
    "id": {
      "name": "",
      "value": null
    },
    "picture": {
      "large": "https://randomuser.me/api/portraits/women/83.jpg",
      "medium": "https://randomuser.me/api/portraits/med/women/83.jpg",
      "thumbnail": "https://randomuser.me/api/portraits/thumb/women/83.jpg"
    },
    "nat": "IR"
  },
  {
    "gender": "female",
    "name": {
      "title": "mademoiselle",
      "first": "letizia",
      "last": "fabre"
    },
    "location": {
      "street": "2541 boulevard de balmont",
      "city": "santa maria in calanca",
      "state": "schwyz",
      "postcode": 5004,
      "coordinates": {
        "latitude": "74.2787",
        "longitude": "-67.9366"
      },
      "timezone": {
        "offset": "+5:00",
        "description": "Ekaterinburg, Islamabad, Karachi, Tashkent"
      }
    },
    "email": "letizia.fabre@example.com",
    "login": {
      "uuid": "21cfc17a-7f2e-4a68-902e-383a35ee6a64",
      "username": "purplebird940",
      "password": "fighter",
      "salt": "D5O8WY3J",
      "md5": "e54d1915710cac87e30bbdb533f913f1",
      "sha1": "24f8a794bb3a4562bd6a344a6a11152ddade41fd",
      "sha256": "f041e4e16fc0bee6be7f4c95775fc76fba2847c6cf8488077f994a84e68a2145"
    },
    "dob": {
      "date": "1982-10-24T04:37:08Z",
      "age": 35
    },
    "registered": {
      "date": "2004-09-04T12:10:53Z",
      "age": 13
    },
    "phone": "(613)-105-8777",
    "cell": "(862)-818-9560",
    "id": {
      "name": "AVS",
      "value": "756.6519.4807.73"
    },
    "picture": {
      "large": "https://randomuser.me/api/portraits/women/70.jpg",
      "medium": "https://randomuser.me/api/portraits/med/women/70.jpg",
      "thumbnail": "https://randomuser.me/api/portraits/thumb/women/70.jpg"
    },
    "nat": "CH"
  },
  {
    "gender": "female",
    "name": {
      "title": "mrs",
      "first": "judy",
      "last": "watson"
    },
    "location": {
      "street": "6684 new road",
      "city": "portsmouth",
      "state": "west sussex",
      "postcode": "W6X 2HY",
      "coordinates": {
        "latitude": "-5.8749",
        "longitude": "11.1076"
      },
      "timezone": {
        "offset": "-8:00",
        "description": "Pacific Time (US & Canada)"
      }
    },
    "email": "judy.watson@example.com",
    "login": {
      "uuid": "b4c40ff1-af63-407a-b02d-5f6f8a12c01a",
      "username": "brownelephant562",
      "password": "toon",
      "salt": "C6CCyOrw",
      "md5": "eb18e088e17dfa94284579855a691cc0",
      "sha1": "76b72f18b18621b0aac2743de09049be7a02a175",
      "sha256": "aacadf10d85baef336a146dc71b58c20d1ffda2c1e90b1fbeff61610a583ccd4"
    },
    "dob": {
      "date": "1952-03-10T10:42:47Z",
      "age": 66
    },
    "registered": {
      "date": "2011-08-04T10:02:01Z",
      "age": 6
    },
    "phone": "01118 957934",
    "cell": "0798-109-899",
    "id": {
      "name": "NINO",
      "value": "RZ 78 07 38 T"
    },
    "picture": {
      "large": "https://randomuser.me/api/portraits/women/53.jpg",
      "medium": "https://randomuser.me/api/portraits/med/women/53.jpg",
      "thumbnail": "https://randomuser.me/api/portraits/thumb/women/53.jpg"
    },
    "nat": "GB"
  }
]